,nombre,tipo de energía,Valores,Porcentaje,Fecha actualización
0,Hidráulica,Renovable,34410.083,0.1472084770042999,11/09/2023
1,Hidráulica,Renovable,36184.276,0.14708685743771382,12/09/2023
2,Hidráulica,Renovable,27251.012,0.08875352620542053,13/09/2023
3,Hidráulica,Renovable,24805.877,0.08887464229915346,14/09/2023
4,Hidráulica,Renovable,31052.893,0.13084605887061856,15/09/2023
5,Hidráulica,Renovable,24153.141,0.10316302136103184,16/09/2023
6,Hidráulica,Renovable,15558.041,0.04854772475905346,17/09/2023
7,Hidráulica,Renovable,31779.909,0.11717150308178342,18/09/2023
8,Hidráulica,Renovable,33073.974,0.13880498533475116,19/09/2023
9,Hidráulica,Renovable,29080.481,0.0827000912497088,20/09/2023
10,Hidráulica,Renovable,20213.244,0.04855912943038631,21/09/2023
11,Hidráulica,Renovable,31118.702,0.08189613320476385,22/09/2023
12,Hidráulica,Renovable,24335.723,0.0974950181565906,23/09/2023
13,Hidráulica,Renovable,23312.579,0.08910370405279157,24/09/2023
14,Hidráulica,Renovable,38970.565,0.14804954035824006,25/09/2023
15,Hidráulica,Renovable,40808.219,0.15323501313016835,26/09/2023
16,Hidráulica,Renovable,44279.829,0.13932634758565357,27/09/2023
17,Hidráulica,Renovable,41709.912,0.1414097734545556,28/09/2023
18,Hidráulica,Renovable,43508.807,0.17337856086182132,29/09/2023
19,Hidráulica,Renovable,27451.729,0.1071871786063587,30/09/2023
20,Hidráulica,Renovable,23512.598,0.09300701162747356,01/10/2023
21,Hidráulica,Renovable,25842.727,0.08495832321696827,02/10/2023
22,Hidráulica,Renovable,27088.352,0.09034885496630168,03/10/2023
23,Hidráulica,Renovable,27620.756,0.09858452240877115,04/10/2023
24,Hidráulica,Renovable,38745.423,0.16236313308170489,05/10/2023
25,Hidráulica,Renovable,41528.037,0.1645262870167077,06/10/2023
26,Hidráulica,Renovable,24530.895,0.1015025858578189,07/10/2023
27,Hidráulica,Renovable,22871.902,0.09866084433481553,08/10/2023
28,Hidráulica,Renovable,41941.542,0.17600166501357148,09/10/2023
29,Hidráulica,Renovable,43709.116,0.18924656905938553,10/10/2023
30,Hidráulica,Renovable,46674.527,0.1890630400933637,11/10/2023
31,Eólica,Renovable,54172.392,0.2317528650541157,11/09/2023
32,Eólica,Renovable,60510.578,0.2459717795586034,12/09/2023
33,Eólica,Renovable,121145.44,0.39455727309162686,13/09/2023
34,Eólica,Renovable,114384.247,0.40981655422958907,14/09/2023
35,Eólica,Renovable,102730.916,0.43287224423078935,15/09/2023
36,Eólica,Renovable,123185.593,0.5261509450067124,16/09/2023
37,Eólica,Renovable,209534.384,0.6538366624686113,17/09/2023
38,Eólica,Renovable,127090.677,0.46857924142487134,18/09/2023
39,Eólica,Renovable,61873.719,0.2596718694403495,19/09/2023
40,Eólica,Renovable,154352.114,0.43895195242422075,20/09/2023
41,Eólica,Renovable,300443.625,0.7217684045623478,21/09/2023
42,Eólica,Renovable,191728.164,0.5045774485725275,22/09/2023
43,Eólica,Renovable,62212.405,0.24923851882437056,23/09/2023
44,Eólica,Renovable,80956.323,0.3094255786026163,24/09/2023
45,Eólica,Renovable,59481.707,0.22597156035776003,25/09/2023
46,Eólica,Renovable,66702.778,0.2504691778548019,26/09/2023
47,Eólica,Renovable,119078.548,0.37468028994969543,27/09/2023
48,Eólica,Renovable,93717.424,0.31773166283794924,28/09/2023
49,Eólica,Renovable,48743.75,0.19423932322502896,29/09/2023
50,Eólica,Renovable,71790.755,0.2803119788363909,30/09/2023
51,Eólica,Renovable,67340.717,0.26637459837579014,01/10/2023
52,Eólica,Renovable,123178.884,0.4049522885250245,02/10/2023
53,Eólica,Renovable,123386.311,0.41153525756627773,03/10/2023
54,Eólica,Renovable,104358.274,0.37247751660720946,04/10/2023
55,Eólica,Renovable,50450.433,0.21141310980676697,05/10/2023
56,Eólica,Renovable,64416.642,0.25520664341405086,06/10/2023
57,Eólica,Renovable,75517.746,0.31247316892245314,07/10/2023
58,Eólica,Renovable,59586.819,0.2570352860800921,08/10/2023
59,Eólica,Renovable,53814.25,0.22582378114415985,09/10/2023
60,Eólica,Renovable,40364.161,0.17476397788989043,10/10/2023
61,Eólica,Renovable,46525.945,0.18846118365412967,11/10/2023
62,Solar fotovoltaica,Renovable,118190.342,0.5056256400903579,11/09/2023
63,Solar fotovoltaica,Renovable,118167.259,0.48034264326135495,12/09/2023
64,Solar fotovoltaica,Renovable,127037.077,0.4137456819064013,13/09/2023
65,Solar fotovoltaica,Renovable,112494.024,0.4030442521259129,14/09/2023
66,Solar fotovoltaica,Renovable,83969.818,0.35381952172324577,15/09/2023
67,Solar fotovoltaica,Renovable,73569.331,0.31422970890079355,16/09/2023
68,Solar fotovoltaica,Renovable,82520.277,0.25749846621672035,17/09/2023
69,Solar fotovoltaica,Renovable,97003.07,0.35764720142677103,18/09/2023
70,Solar fotovoltaica,Renovable,115090.681,0.483013026749417,19/09/2023
71,Solar fotovoltaica,Renovable,136933.965,0.38941760972538353,20/09/2023
72,Solar fotovoltaica,Renovable,79274.995,0.19044566734553975,21/09/2023
73,Solar fotovoltaica,Renovable,132980.176,0.34996839544557296,22/09/2023
74,Solar fotovoltaica,Renovable,131582.923,0.5271542360579246,23/09/2023
75,Solar fotovoltaica,Renovable,124631.015,0.4763559225411751,24/09/2023
76,Solar fotovoltaica,Renovable,133621.346,0.5076287412653462,25/09/2023
77,Solar fotovoltaica,Renovable,127279.529,0.47793510168911424,26/09/2023
78,Solar fotovoltaica,Renovable,124437.232,0.3915413728952886,27/09/2023
79,Solar fotovoltaica,Renovable,130418.849,0.4421610837082058,28/09/2023
80,Solar fotovoltaica,Renovable,128452.095,0.5118696858497167,29/09/2023
81,Solar fotovoltaica,Renovable,126417.895,0.49360743326603945,30/09/2023
82,Solar fotovoltaica,Renovable,130719.556,0.5170774945767448,01/10/2023
83,Solar fotovoltaica,Renovable,126647.71,0.4163561020812109,02/10/2023
84,Solar fotovoltaica,Renovable,120708.613,0.4026042252079579,03/10/2023
85,Solar fotovoltaica,Renovable,121833.444,0.4348502224253299,04/10/2023
86,Solar fotovoltaica,Renovable,121536.59,0.509300454313445,05/10/2023
87,Solar fotovoltaica,Renovable,120719.663,0.4782686435021774,06/10/2023
88,Solar fotovoltaica,Renovable,118468.114,0.49019083538121533,07/10/2023
89,Solar fotovoltaica,Renovable,121475.905,0.5240016922788424,08/10/2023
90,Solar fotovoltaica,Renovable,115051.014,0.48279507762255663,09/10/2023
91,Solar fotovoltaica,Renovable,118841.884,0.5145475558817865,10/10/2023
92,Solar fotovoltaica,Renovable,123595.804,0.5006456401159357,11/10/2023
93,Solar térmica,Renovable,14417.226,0.06167779025952349,11/09/2023
94,Solar térmica,Renovable,18173.901,0.07387579028730946,12/09/2023
95,Solar térmica,Renovable,19163.019,0.06241182929248541,13/09/2023
96,Solar térmica,Renovable,14430.12,0.05170031897416327,14/09/2023
97,Solar térmica,Renovable,6282.017,0.026470228271749965,15/09/2023
98,Solar térmica,Renovable,1329.429,0.005678264053730122,16/09/2023
99,Solar térmica,Renovable,2883.921,0.008999063759688909,17/09/2023
100,Solar térmica,Renovable,4758.746,0.017545343556661052,18/09/2023
101,Solar térmica,Renovable,16799.109,0.0705025673171868,19/09/2023
102,Solar térmica,Renovable,20321.971,0.05779233349248714,20/09/2023
103,Solar térmica,Renovable,5231.198,0.012567127807786719,21/09/2023
104,Solar térmica,Renovable,12841.32,0.03379493313201168,22/09/2023
105,Solar térmica,Renovable,19952.207,0.07993355215824301,23/09/2023
106,Solar térmica,Renovable,22556.123,0.08621243099574546,24/09/2023
107,Solar térmica,Renovable,20529.101,0.07799024640822852,25/09/2023
108,Solar térmica,Renovable,21103.343,0.07924313094123138,26/09/2023
109,Solar térmica,Renovable,19451.213,0.061203182681680714,27/09/2023
110,Solar térmica,Renovable,18621.448,0.06313258927699937,28/09/2023
111,Solar térmica,Renovable,19664.765,0.07836226480275392,29/09/2023
112,Solar térmica,Renovable,19700.118,0.07692047617956384,30/09/2023
113,Solar térmica,Renovable,21472.534,0.0849372842341506,01/10/2023
114,Solar térmica,Renovable,18326.516,0.060248675372724415,02/10/2023
115,Solar térmica,Renovable,16070.137,0.05359936540626755,03/10/2023
116,Solar térmica,Renovable,13369.877,0.0477200167406357,04/10/2023
117,Solar térmica,Renovable,15051.556,0.06307371556931339,05/10/2023
118,Solar térmica,Renovable,12174.059,0.04823133646293789,06/10/2023
119,Solar térmica,Renovable,10156.522,0.042025097181404375,07/10/2023
120,Solar térmica,Renovable,15608.325,0.06732848554318788,08/10/2023
121,Solar térmica,Renovable,14944.868,0.06271399490767517,09/10/2023
122,Solar térmica,Renovable,15093.094,0.06534829613096721,10/10/2023
123,Solar térmica,Renovable,16531.887,0.06696519527021576,11/10/2023
124,Hidroeólica,Renovable,28.649,0.00012256220531918475,11/09/2023
125,Hidroeólica,Renovable,37.994,0.00015444327424123393,12/09/2023
126,Hidroeólica,Renovable,49.623,0.00016161661192221348,13/09/2023
127,Hidroeólica,Renovable,75.188,0.0002693840094905231,14/09/2023
128,Hidroeólica,Renovable,71.507,0.00030130555409640323,15/09/2023
129,Hidroeólica,Renovable,24.817,0.00010599849937185093,16/09/2023
130,Hidroeólica,Renovable,71.798,0.00022404038800582414,17/09/2023
131,Hidroeólica,Renovable,82.063,0.0003025636435082427,18/09/2023
132,Hidroeólica,Renovable,97.676,0.00040992702441977955,19/09/2023
133,Hidroeólica,Renovable,42.124,0.0001197937078070591,20/09/2023
134,Hidroeólica,Renovable,43.431,0.00010433612488381913,21/09/2023
135,Hidroeólica,Renovable,49.377,0.00012994710927376164,22/09/2023
136,Hidroeólica,Renovable,50.166,0.00020097759498838492,23/09/2023
137,Hidroeólica,Renovable,40.149,0.0001534546913070205,24/09/2023
138,Hidroeólica,Renovable,54.191,0.00020587211505795176,25/09/2023
139,Hidroeólica,Renovable,69.267,0.00026009784093952666,26/09/2023
140,Hidroeólica,Renovable,93.93,0.0002955504599785252,27/09/2023
141,Hidroeólica,Renovable,95.334,0.00032321236598429183,28/09/2023
142,Hidroeólica,Renovable,28.09,0.00011193604491634441,29/09/2023
143,Hidroeólica,Renovable,-2.192,8.558815931234723e-06,30/09/2023
144,Hidroeólica,Renovable,-0.077,3.045830960626071e-07,01/10/2023
145,Hidroeólica,Renovable,2.047,6.729540873342587e-06,02/10/2023
146,Hidroeólica,Renovable,21.267,7.09326687193203e-05,03/10/2023
147,Hidroeólica,Renovable,26.192,9.348497959036797e-05,04/10/2023
148,Hidroeólica,Renovable,2.947,1.2349436814557019e-05,05/10/2023
149,Hidroeólica,Renovable,3.604,1.4278371462831595e-05,06/10/2023
150,Hidroeólica,Renovable,4.891,2.023771034161584e-05,07/10/2023
151,Hidroeólica,Renovable,13.57,5.853591265052845e-05,08/10/2023
152,Hidroeólica,Renovable,10.616,4.4548521267627086e-05,09/10/2023
153,Hidroeólica,Renovable,6.117,2.6484664273152112e-05,10/10/2023
154,Hidroeólica,Renovable,14.357,5.8155448830160024e-05,11/10/2023
155,Otras renovables,Renovable,10110.756,0.04325444353395158,11/09/2023
156,Otras renovables,Renovable,10865.463,0.04416743911846556,12/09/2023
157,Otras renovables,Renovable,10824.656,0.03525470503483183,13/09/2023
158,Otras renovables,Renovable,10622.483,0.03805829469177157,14/09/2023
159,Otras renovables,Renovable,10810.377,0.04555115767653535,15/09/2023
160,Otras renovables,Renovable,9479.58,0.04048923136057584,16/09/2023
161,Otras renovables,Renovable,7427.447,0.023176803083271046,17/09/2023
162,Otras renovables,Renovable,7905.733,0.029148183481999806,18/09/2023
163,Otras renovables,Renovable,8720.434,0.036597952017579295,19/09/2023
164,Otras renovables,Renovable,8346.948,0.023737343314801925,20/09/2023
165,Otras renovables,Renovable,8637.511,0.02075025733649609,21/09/2023
166,Otras renovables,Renovable,8869.273,0.023341563637114923,22/09/2023
167,Otras renovables,Renovable,8997.682,0.036046973823511574,23/09/2023
168,Otras renovables,Renovable,7588.529,0.0290043432008113,24/09/2023
169,Otras renovables,Renovable,7919.28,0.03008541867350918,25/09/2023
170,Otras renovables,Renovable,7809.369,0.02932420945038865,26/09/2023
171,Otras renovables,Renovable,7817.909,0.024599026945813392,27/09/2023
172,Otras renovables,Renovable,7734.386,0.026222011019109478,28/09/2023
173,Otras renovables,Renovable,7933.016,0.03161233304727942,29/09/2023
174,Otras renovables,Renovable,8141.04,0.0317872549492788,30/09/2023
175,Otras renovables,Renovable,7084.88,0.02802512578742914,01/10/2023
176,Otras renovables,Renovable,7468.318,0.024552198942901886,02/10/2023
177,Otras renovables,Renovable,9853.567,0.032864992886379216,03/10/2023
178,Otras renovables,Renovable,10251.645,0.036590364370521454,04/10/2023
179,Otras renovables,Renovable,10114.513,0.04238498106668326,05/10/2023
180,Otras renovables,Renovable,10828.954,0.04290228295391677,06/10/2023
181,Otras renovables,Renovable,10404.026,0.04304920559694134,07/10/2023
182,Otras renovables,Renovable,9847.209,0.04247718245213689,08/10/2023
183,Otras renovables,Renovable,10101.857,0.04239099391550749,09/10/2023
184,Otras renovables,Renovable,10455.201,0.04526769468584669,10/10/2023
185,Otras renovables,Renovable,10918.157,0.044225835532015985,11/10/2023
186,Residuos renovables,Renovable,2421.2415,0.010358221852432226,11/09/2023
187,Residuos renovables,Renovable,2066.7095,0.008401047062311508,12/09/2023
188,Residuos renovables,Renovable,1570.63,0.005115367857311855,13/09/2023
189,Residuos renovables,Renovable,2298.9115,0.008236553669919041,14/09/2023
190,Residuos renovables,Renovable,2406.3415,0.010139483672964467,15/09/2023
191,Residuos renovables,Renovable,2384.065,0.010182830817784252,16/09/2023
192,Residuos renovables,Renovable,2473.136,0.00771723932464932,17/09/2023
193,Residuos renovables,Renovable,2605.383,0.0096059633844051,18/09/2023
194,Residuos renovables,Renovable,2620.964,0.010999672116296356,19/09/2023
195,Residuos renovables,Renovable,2560.2315,0.00728087608559084,20/09/2023
196,Residuos renovables,Renovable,2416.424,0.0058050773925596415,21/09/2023
197,Residuos renovables,Renovable,2390.6595,0.00629157889873537,22/09/2023
198,Residuos renovables,Renovable,2478.807,0.009930723384371357,23/09/2023
199,Residuos renovables,Renovable,2549.512,0.009744565915553175,24/09/2023
200,Residuos renovables,Renovable,2650.328,0.010068620821858078,25/09/2023
201,Residuos renovables,Renovable,2538.8175,0.009533269093355954,26/09/2023
202,Residuos renovables,Renovable,2655.089,0.008354229481889944,27/09/2023
203,Residuos renovables,Renovable,2660.421,0.009019667337196545,28/09/2023
204,Residuos renovables,Renovable,2616.346,0.010425896168483377,29/09/2023
205,Residuos renovables,Renovable,2606.464,0.010177119346436943,30/09/2023
206,Residuos renovables,Renovable,2674.2125,0.010578180815315905,01/10/2023
207,Residuos renovables,Renovable,2715.025,0.00892568232029651,02/10/2023
208,Residuos renovables,Renovable,2691.2915,0.008976371298096706,03/10/2023
209,Residuos renovables,Renovable,2713.163,0.00968387246794218,04/10/2023
210,Residuos renovables,Renovable,2732.902,0.011452256725271974,05/10/2023
211,Residuos renovables,Renovable,2738.779,0.010850528278746519,06/10/2023
212,Residuos renovables,Renovable,2595.3435,0.010738869349825281,07/10/2023
213,Residuos renovables,Renovable,2419.7675,0.010437973398274694,08/10/2023
214,Residuos renovables,Renovable,2437.8145,0.01022993887526184,09/10/2023
215,Residuos renovables,Renovable,2494.276,0.010799421687850376,10/10/2023
216,Residuos renovables,Renovable,2612.149,0.010580949885509068,11/10/2023
217,Generación renovable,Renovable,233750.6895,1.0,11/09/2023
218,Generación renovable,Renovable,246006.18050000002,1.0,12/09/2023
219,Generación renovable,Renovable,307041.457,1.0,13/09/2023
220,Generación renovable,Renovable,279110.85050000006,1.0,14/09/2023
221,Generación renovable,Renovable,237323.86950000003,1.0,15/09/2023
222,Generación renovable,Renovable,234125.956,1.0,16/09/2023
223,Generación renovable,Renovable,320469.00399999996,1.0,17/09/2023
224,Generación renovable,Renovable,271225.581,1.0,18/09/2023
225,Generación renovable,Renovable,238276.55700000003,1.0,19/09/2023
226,Generación renovable,Renovable,351637.8345,1.0,20/09/2023
227,Generación renovable,Renovable,416260.42799999996,1.0,21/09/2023
228,Generación renovable,Renovable,379977.6715,1.0,22/09/2023
229,Generación renovable,Renovable,249609.913,1.0,23/09/2023
230,Generación renovable,Renovable,261634.23,1.0,24/09/2023
231,Generación renovable,Renovable,263226.518,1.0,25/09/2023
232,Generación renovable,Renovable,266311.3225,1.0,26/09/2023
233,Generación renovable,Renovable,317813.74999999994,1.0,27/09/2023
234,Generación renovable,Renovable,294957.7739999999,1.0,28/09/2023
235,Generación renovable,Renovable,250946.869,1.0,29/09/2023
236,Generación renovable,Renovable,256105.809,1.0,30/09/2023
237,Generación renovable,Renovable,252804.42049999998,1.0,01/10/2023
238,Generación renovable,Renovable,304181.2270000001,1.0,02/10/2023
239,Generación renovable,Renovable,299819.53849999997,1.0,03/10/2023
240,Generación renovable,Renovable,280173.35099999997,1.0,04/10/2023
241,Generación renovable,Renovable,238634.364,1.0,05/10/2023
242,Generación renovable,Renovable,252409.738,1.0,06/10/2023
243,Generación renovable,Renovable,241677.5375,1.0,07/10/2023
244,Generación renovable,Renovable,231823.4975,1.0,08/10/2023
245,Generación renovable,Renovable,238301.96149999998,1.0,09/10/2023
246,Generación renovable,Renovable,230963.84900000005,1.0,10/10/2023
247,Generación renovable,Renovable,246872.826,1.0,11/10/2023
248,Turbinación bombeo,No-Renovable,5242.136,0.011435985372471424,11/09/2023
249,Turbinación bombeo,No-Renovable,4400.221,0.009012009217097909,12/09/2023
250,Turbinación bombeo,No-Renovable,7140.595,0.015741514911671115,13/09/2023
251,Turbinación bombeo,No-Renovable,8771.07,0.019324626483161644,14/09/2023
252,Turbinación bombeo,No-Renovable,10597.651,0.022743695056564085,15/09/2023
253,Turbinación bombeo,No-Renovable,10799.887,0.02881799678821133,16/09/2023
254,Turbinación bombeo,No-Renovable,11025.302,0.03343070635398045,17/09/2023
255,Turbinación bombeo,No-Renovable,15820.152,0.04020949545686121,18/09/2023
256,Turbinación bombeo,No-Renovable,7985.467,0.017224887741445073,19/09/2023
257,Turbinación bombeo,No-Renovable,12816.753,0.03532129351538835,20/09/2023
258,Turbinación bombeo,No-Renovable,16807.971,0.05340233663394636,21/09/2023
259,Turbinación bombeo,No-Renovable,17313.393,0.0512101607218503,22/09/2023
260,Turbinación bombeo,No-Renovable,16396.046,0.04413444519127107,23/09/2023
261,Turbinación bombeo,No-Renovable,14722.586,0.0435245818055634,24/09/2023
262,Turbinación bombeo,No-Renovable,14649.407,0.035169530505021716,25/09/2023
263,Turbinación bombeo,No-Renovable,10635.073,0.025314350753681537,26/09/2023
264,Turbinación bombeo,No-Renovable,12962.414,0.03177269711924328,27/09/2023
265,Turbinación bombeo,No-Renovable,11135.565,0.026058632889889542,28/09/2023
266,Turbinación bombeo,No-Renovable,11965.273,0.026772365746635746,29/09/2023
267,Turbinación bombeo,No-Renovable,16998.403,0.04420486318734566,30/09/2023
268,Turbinación bombeo,No-Renovable,15326.548,0.04184651632965392,01/10/2023
269,Turbinación bombeo,No-Renovable,13878.93,0.03373851076854634,02/10/2023
270,Turbinación bombeo,No-Renovable,10751.625,0.02612840070052365,03/10/2023
271,Turbinación bombeo,No-Renovable,13195.162,0.02996411689476388,04/10/2023
272,Turbinación bombeo,No-Renovable,7382.646,0.01571077625575246,05/10/2023
273,Turbinación bombeo,No-Renovable,10275.258,0.023319661062422937,06/10/2023
274,Turbinación bombeo,No-Renovable,12323.618,0.03318605559343686,07/10/2023
275,Turbinación bombeo,No-Renovable,13197.372,0.03678237597425869,08/10/2023
276,Turbinación bombeo,No-Renovable,13078.548,0.030772445149059,09/10/2023
277,Turbinación bombeo,No-Renovable,10481.52,0.022892859525104083,10/10/2023
278,Turbinación bombeo,No-Renovable,15061.23,0.03680045716802266,11/10/2023
279,Nuclear,No-Renovable,163514.484,0.3567151342909098,11/09/2023
280,Nuclear,No-Renovable,163486.687,0.33483398450141505,12/09/2023
281,Nuclear,No-Renovable,163605.227,0.3606694008619503,13/09/2023
282,Nuclear,No-Renovable,162714.088,0.35849548278012766,14/09/2023
283,Nuclear,No-Renovable,163691.166,0.35129878903894934,15/09/2023
284,Nuclear,No-Renovable,163837.034,0.43717634449342585,16/09/2023
285,Nuclear,No-Renovable,161560.003,0.4898790998052661,17/09/2023
286,Nuclear,No-Renovable,163891.9,0.41655798303747976,18/09/2023
287,Nuclear,No-Renovable,164125.743,0.354024066301478,19/09/2023
288,Nuclear,No-Renovable,144409.722,0.39797429015271135,20/09/2023
289,Nuclear,No-Renovable,115413.095,0.36669083681520104,21/09/2023
290,Nuclear,No-Renovable,127688.454,0.37768138525271094,22/09/2023
291,Nuclear,No-Renovable,139091.629,0.37440318700405634,23/09/2023
292,Nuclear,No-Renovable,138517.22,0.40950034683915065,24/09/2023
293,Nuclear,No-Renovable,138503.073,0.33251093719443725,25/09/2023
294,Nuclear,No-Renovable,138814.453,0.3304159504050833,26/09/2023
295,Nuclear,No-Renovable,138487.209,0.33945159801610575,27/09/2023
296,Nuclear,No-Renovable,138404.139,0.3238832199930802,28/09/2023
297,Nuclear,No-Renovable,138340.676,0.30953804192422807,29/09/2023
298,Nuclear,No-Renovable,138174.336,0.35932655667019603,30/09/2023
299,Nuclear,No-Renovable,137688.802,0.3759357098091159,01/10/2023
300,Nuclear,No-Renovable,137998.815,0.3354635051782907,02/10/2023
301,Nuclear,No-Renovable,148363.465,0.3605501552405442,03/10/2023
302,Nuclear,No-Renovable,159640.052,0.3625171998050637,04/10/2023
303,Nuclear,No-Renovable,154335.239,0.3284359575560146,05/10/2023
304,Nuclear,No-Renovable,136990.992,0.3109005634744249,06/10/2023
305,Nuclear,No-Renovable,137676.308,0.3707461243270552,07/10/2023
306,Nuclear,No-Renovable,138773.399,0.3867751350226253,08/10/2023
307,Nuclear,No-Renovable,100722.677,0.23698984422803557,09/10/2023
308,Nuclear,No-Renovable,93265.672,0.2037030819585741,10/10/2023
309,Nuclear,No-Renovable,93964.593,0.2295921368976625,11/10/2023
310,Ciclo combinado,No-Renovable,207427.016,0.4525125484785965,11/09/2023
311,Ciclo combinado,No-Renovable,238916.811,0.4893209915710231,12/09/2023
312,Ciclo combinado,No-Renovable,202472.327,0.44635232143417325,13/09/2023
313,Ciclo combinado,No-Renovable,199849.787,0.44031372301377303,14/09/2023
314,Ciclo combinado,No-Renovable,207626.946,0.4455896825956712,15/09/2023
315,Ciclo combinado,No-Renovable,123925.093,0.3306768794944605,16/09/2023
316,Ciclo combinado,No-Renovable,92830.002,0.2814773271245919,17/09/2023
317,Ciclo combinado,No-Renovable,133945.575,0.3404445159205274,18/09/2023
318,Ciclo combinado,No-Renovable,210151.804,0.4533036367894536,19/09/2023
319,Ciclo combinado,No-Renovable,126742.202,0.34928491776572734,20/09/2023
320,Ciclo combinado,No-Renovable,105865.509,0.33635621750787636,21/09/2023
321,Ciclo combinado,No-Renovable,114033.419,0.3372920440639277,22/09/2023
322,Ciclo combinado,No-Renovable,140609.853,0.37848990241800873,23/09/2023
323,Ciclo combinado,No-Renovable,117110.974,0.34621676981151334,24/09/2023
324,Ciclo combinado,No-Renovable,181039.945,0.4346312358107706,25/09/2023
325,Ciclo combinado,No-Renovable,183858.901,0.4376339221273243,26/09/2023
326,Ciclo combinado,No-Renovable,171414.065,0.4201599462278615,27/09/2023
327,Ciclo combinado,No-Renovable,192061.19,0.4494475172661041,28/09/2023
328,Ciclo combinado,No-Renovable,208050.26,0.4655136288493093,29/09/2023
329,Ciclo combinado,No-Renovable,154436.88,0.4016177961824131,30/09/2023
330,Ciclo combinado,No-Renovable,143128.675,0.3907883520561335,01/10/2023
331,Ciclo combinado,No-Renovable,178589.387,0.4341357695764435,02/10/2023
332,Ciclo combinado,No-Renovable,171362.465,0.4164419006940308,03/10/2023
333,Ciclo combinado,No-Renovable,184528.624,0.41903519335086087,04/10/2023
334,Ciclo combinado,No-Renovable,222286.189,0.47304023247530813,05/10/2023
335,Ciclo combinado,No-Renovable,206888.211,0.4695320505169837,06/10/2023
336,Ciclo combinado,No-Renovable,140317.5,0.37785854411683945,07/10/2023
337,Ciclo combinado,No-Renovable,127960.58,0.35663874318646216,08/10/2023
338,Ciclo combinado,No-Renovable,220550.181,0.5189313330071147,09/10/2023
339,Ciclo combinado,No-Renovable,260849.031,0.5697246414587311,10/10/2023
340,Ciclo combinado,No-Renovable,207359.834,0.5066609227457046,11/10/2023
341,Carbón,No-Renovable,13141.731,0.028669352242092584,11/09/2023
342,Carbón,No-Renovable,12801.155,0.02621780288978644,12/09/2023
343,Carbón,No-Renovable,12728.758,0.028060677557549898,13/09/2023
344,Carbón,No-Renovable,12937.876,0.028505030878269295,14/09/2023
345,Carbón,No-Renovable,12406.252,0.02662514667475729,15/09/2023
346,Carbón,No-Renovable,12101.126,0.032290172128814,16/09/2023
347,Carbón,No-Renovable,11523.562,0.03494152063806394,17/09/2023
348,Carbón,No-Renovable,12920.307,0.032839066629559065,18/09/2023
349,Carbón,No-Renovable,11970.991,0.02582178050812173,19/09/2023
350,Carbón,No-Renovable,12904.898,0.035564209596935195,20/09/2023
351,Carbón,No-Renovable,13554.938,0.04306679028231734,21/09/2023
352,Carbón,No-Renovable,13203.949,0.039055103205542355,22/09/2023
353,Carbón,No-Renovable,11660.905,0.03138851724392081,23/09/2023
354,Carbón,No-Renovable,10726.508,0.03171092190828637,24/09/2023
355,Carbón,No-Renovable,15116.6,0.03629114303617964,25/09/2023
356,Carbón,No-Renovable,19459.305,0.04631841005631733,26/09/2023
357,Carbón,No-Renovable,19886.878,0.048745530835640836,27/09/2023
358,Carbón,No-Renovable,19831.748,0.04640880284896196,28/09/2023
359,Carbón,No-Renovable,20136.761,0.04505611618260533,29/09/2023
360,Carbón,No-Renovable,12655.73,0.032911610178084735,30/09/2023
361,Carbón,No-Renovable,12119.983,0.033091539368462354,01/10/2023
362,Carbón,No-Renovable,13778.858,0.033495244158683046,02/10/2023
363,Carbón,No-Renovable,12717.874,0.03090674274175034,03/10/2023
364,Carbón,No-Renovable,13596.617,0.030875757429983337,04/10/2023
365,Carbón,No-Renovable,12795.673,0.027230068398887454,05/10/2023
366,Carbón,No-Renovable,12858.636,0.029182628138881752,06/10/2023
367,Carbón,No-Renovable,11369.515,0.030616768294863917,07/10/2023
368,Carbón,No-Renovable,12236.949,0.034105582452008544,08/10/2023
369,Carbón,No-Renovable,16363.071,0.0385005816255488,09/10/2023
370,Carbón,No-Renovable,18237.233,0.03983223933127948,10/10/2023
371,Carbón,No-Renovable,20324.393,0.049660416450884794,11/10/2023
372,Motores diésel,No-Renovable,8175.841,0.017836011519665292,11/09/2023
373,Motores diésel,No-Renovable,7349.132,0.015051617935023987,12/09/2023
374,Motores diésel,No-Renovable,6942.373,0.015304532479699932,13/09/2023
375,Motores diésel,No-Renovable,6895.553,0.015192443580982106,14/09/2023
376,Motores diésel,No-Renovable,7183.111,0.015415726196442126,15/09/2023
377,Motores diésel,No-Renovable,7679.592,0.020491923442418743,16/09/2023
378,Motores diésel,No-Renovable,6552.737,0.019869081723281844,17/09/2023
379,Motores diésel,No-Renovable,6491.208,0.01649846338932402,18/09/2023
380,Motores diésel,No-Renovable,6680.791,0.014410663145819347,19/09/2023
381,Motores diésel,No-Renovable,7016.332,0.019336092532438735,20/09/2023
382,Motores diésel,No-Renovable,6738.499,0.021409579538512465,21/09/2023
383,Motores diésel,No-Renovable,6892.66,0.020387351364407235,22/09/2023
384,Motores diésel,No-Renovable,6408.033,0.017248974613901204,23/09/2023
385,Motores diésel,No-Renovable,6302.819,0.018633109779162393,24/09/2023
386,Motores diésel,No-Renovable,7001.324,0.016808412654078123,25/09/2023
387,Motores diésel,No-Renovable,6415.588,0.015270834993150514,26/09/2023
388,Motores diésel,No-Renovable,5918.866,0.014507971795021125,27/09/2023
389,Motores diésel,No-Renovable,5953.527,0.013932007445787027,28/09/2023
390,Motores diésel,No-Renovable,7659.0,0.017137055648749778,29/09/2023
391,Motores diésel,No-Renovable,7695.346,0.020011980955463148,30/09/2023
392,Motores diésel,No-Renovable,6579.752,0.017964886777705788,01/10/2023
393,Motores diésel,No-Renovable,7235.851,0.017589744806198807,02/10/2023
394,Motores diésel,No-Renovable,7788.375,0.018927165224414066,03/10/2023
395,Motores diésel,No-Renovable,7230.269,0.016418792395014745,04/10/2023
396,Motores diésel,No-Renovable,7838.51,0.016680886065575704,05/10/2023
397,Motores diésel,No-Renovable,7954.891,0.018053596504196648,06/10/2023
398,Motores diésel,No-Renovable,7534.932,0.020290686732156612,07/10/2023
399,Motores diésel,No-Renovable,7311.034,0.020376572043933318,08/10/2023
400,Motores diésel,No-Renovable,8276.692,0.019474184029118168,09/10/2023
401,Motores diésel,No-Renovable,8366.964,0.018274423127905396,10/10/2023
402,Motores diésel,No-Renovable,8138.499,0.019885526206126276,11/10/2023
403,Turbina de gas,No-Renovable,2598.356,0.005668445307117817,11/09/2023
404,Turbina de gas,No-Renovable,2801.504,0.005737707235554001,12/09/2023
405,Turbina de gas,No-Renovable,2773.235,0.006113624999887019,13/09/2023
406,Turbina de gas,No-Renovable,2750.667,0.006060333842342928,14/09/2023
407,Turbina de gas,No-Renovable,3073.966,0.006597060548440977,15/09/2023
408,Turbina de gas,No-Renovable,2141.747,0.005714954070089923,16/09/2023
409,Turbina de gas,No-Renovable,1995.216,0.006049855161224921,17/09/2023
410,Turbina de gas,No-Renovable,3067.666,0.007796973258548187,18/09/2023
411,Turbina de gas,No-Renovable,2371.383,0.005115143042601171,19/09/2023
412,Turbina de gas,No-Renovable,2011.431,0.005543240533460471,20/09/2023
413,Turbina de gas,No-Renovable,1743.816,0.005540457504338971,21/09/2023
414,Turbina de gas,No-Renovable,1558.718,0.004610430739950342,22/09/2023
415,Turbina de gas,No-Renovable,1222.198,0.003289880416527322,23/09/2023
416,Turbina de gas,No-Renovable,1361.139,0.004023953791422428,24/09/2023
417,Turbina de gas,No-Renovable,1900.167,0.00456182159940915,25/09/2023
418,Turbina de gas,No-Renovable,2317.929,0.005517298069146332,26/09/2023
419,Turbina de gas,No-Renovable,2090.492,0.00512408947486179,27/09/2023
420,Turbina de gas,No-Renovable,1939.267,0.00453813047011781,28/09/2023
421,Turbina de gas,No-Renovable,1688.733,0.0037785496013683453,29/09/2023
422,Turbina de gas,No-Renovable,2079.891,0.005408819704980024,30/09/2023
423,Turbina de gas,No-Renovable,1658.784,0.004529025827822981,01/10/2023
424,Turbina de gas,No-Renovable,2859.899,0.006952173777694311,02/10/2023
425,Turbina de gas,No-Renovable,3299.137,0.008017501866175903,03/10/2023
426,Turbina de gas,No-Renovable,3058.345,0.006945015687152354,04/10/2023
427,Turbina de gas,No-Renovable,3401.781,0.007239222923877138,05/10/2023
428,Turbina de gas,No-Renovable,2837.518,0.006439736892107644,06/10/2023
429,Turbina de gas,No-Renovable,2112.744,0.005689371403649494,07/10/2023
430,Turbina de gas,No-Renovable,2137.769,0.005958172816839216,08/10/2023
431,Turbina de gas,No-Renovable,3442.04,0.0080987573774143,09/10/2023
432,Turbina de gas,No-Renovable,3338.447,0.007291556778311272,10/10/2023
433,Turbina de gas,No-Renovable,3508.775,0.008573305374111459,11/10/2023
434,Turbina de vapor,No-Renovable,4804.434,0.010481116275313035,11/09/2023
435,Turbina de vapor,No-Renovable,3973.953,0.008138977806867856,12/09/2023
436,Turbina de vapor,No-Renovable,3294.808,0.007263438027656419,13/09/2023
437,Turbina de vapor,No-Renovable,2695.01,0.00593770903873592,14/09/2023
438,Turbina de vapor,No-Renovable,2756.202,0.005915104941867971,15/09/2023
439,Turbina de vapor,No-Renovable,2920.999,0.007794279680923375,16/09/2023
440,Turbina de vapor,No-Renovable,2874.813,0.008716952082183834,17/09/2023
441,Turbina de vapor,No-Renovable,3206.877,0.00815080071052495,18/09/2023
442,Turbina de vapor,No-Renovable,3307.667,0.0071347352335289094,19/09/2023
443,Turbina de vapor,No-Renovable,3271.521,0.009015883623781841,20/09/2023
444,Turbina de vapor,No-Renovable,3408.961,0.01083096126795997,21/09/2023
445,Turbina de vapor,No-Renovable,3503.892,0.010363934583591182,22/09/2023
446,Turbina de vapor,No-Renovable,3309.608,0.008908715728206196,23/09/2023
447,Turbina de vapor,No-Renovable,3177.341,0.009393216536732788,24/09/2023
448,Turbina de vapor,No-Renovable,4152.895,0.00997005321694265,25/09/2023
449,Turbina de vapor,No-Renovable,3578.103,0.008516853093044134,26/09/2023
450,Turbina de vapor,No-Renovable,3392.715,0.008316020928425327,27/09/2023
451,Turbina de vapor,No-Renovable,3515.335,0.008226329265733696,28/09/2023
452,Turbina de vapor,No-Renovable,4475.366,0.010013656638010536,29/09/2023
453,Turbina de vapor,No-Renovable,3878.917,0.01008724144850956,30/09/2023
454,Turbina de vapor,No-Renovable,3685.595,0.010062886395031083,01/10/2023
455,Turbina de vapor,No-Renovable,3803.922,0.009247014240990503,02/10/2023
456,Turbina de vapor,No-Renovable,3988.165,0.009691964998761016,03/10/2023
457,Turbina de vapor,No-Renovable,4625.621,0.01050405052661533,04/10/2023
458,Turbina de vapor,No-Renovable,4714.82,0.010033459833526734,05/10/2023
459,Turbina de vapor,No-Renovable,4918.555,0.011162642876401318,06/10/2023
460,Turbina de vapor,No-Renovable,4981.017,0.013413293650765067,07/10/2023
461,Turbina de vapor,No-Renovable,4575.141,0.012751368711683345,08/10/2023
462,Turbina de vapor,No-Renovable,4450.877,0.01047244452118907,09/10/2023
463,Turbina de vapor,No-Renovable,4838.719,0.010568325428797742,10/10/2023
464,Turbina de vapor,No-Renovable,4264.555,0.010419970587938494,11/10/2023
465,Fuel + Gas,No-Renovable,-0.001,2.2708411533533186e-09,04/10/2023
466,Cogeneración,No-Renovable,49574.729,0.10814978392171339,11/09/2023
467,Cogeneración,No-Renovable,51005.98,0.10446438074067453,12/09/2023
468,Cogeneración,No-Renovable,51682.688,0.11393501575530413,13/09/2023
469,Cogeneración,No-Renovable,53485.942,0.1178414778641657,14/09/2023
470,Cogeneración,No-Renovable,54784.603,0.11757363064955866,15/09/2023
471,Cogeneración,No-Renovable,47632.931,0.12710185324819526,16/09/2023
472,Cogeneración,No-Renovable,37676.674,0.11424247833652537,17/09/2023
473,Cogeneración,No-Renovable,50165.262,0.1275031917823073,18/09/2023
474,Cogeneración,No-Renovable,52970.529,0.11425899269635212,19/09/2023
475,Cogeneración,No-Renovable,49710.625,0.13699597522542578,20/09/2023
476,Cogeneración,No-Renovable,47307.661,0.15030604455984695,21/09/2023
477,Cogeneración,No-Renovable,49995.016,0.14787701085809568,22/09/2023
478,Cogeneración,No-Renovable,48660.325,0.13098258242883298,23/09/2023
479,Cogeneración,No-Renovable,42265.843,0.12495108816036798,24/09/2023
480,Cogeneración,No-Renovable,49993.956,0.12002287605284728,25/09/2023
481,Cogeneración,No-Renovable,50966.696,0.12131452405641766,26/09/2023
482,Cogeneración,No-Renovable,49619.151,0.12162350747607636,27/09/2023
483,Cogeneración,No-Renovable,50454.504,0.11806993155510866,28/09/2023
484,Cogeneración,No-Renovable,50695.218,0.113430835878248,29/09/2023
485,Cogeneración,No-Renovable,44711.977,0.1162748539448527,30/09/2023
486,Cogeneración,No-Renovable,42106.874,0.11496561328954702,01/10/2023
487,Cogeneración,No-Renovable,49198.972,0.11959856030856916,02/10/2023
488,Cogeneración,No-Renovable,49219.474,0.11961225758348208,03/10/2023
489,Cogeneración,No-Renovable,50465.825,0.11459987224792673,04/10/2023
490,Cogeneración,No-Renovable,53123.607,0.11305067363050121,05/10/2023
491,Cogeneración,No-Renovable,53832.03,0.12217159840679265,06/10/2023
492,Cogeneración,No-Renovable,50794.184,0.13678277061551739,07/10/2023
493,Cogeneración,No-Renovable,48585.432,0.13541238563979094,08/10/2023
494,Cogeneración,No-Renovable,53969.552,0.1269846682245833,09/10/2023
495,Cogeneración,No-Renovable,54221.736,0.11842658177967308,10/10/2023
496,Cogeneración,No-Renovable,52342.178,0.12789234873712294,11/10/2023
497,Residuos no renovables,No-Renovable,3910.8065,0.008531622592120114,11/09/2023
498,Residuos no renovables,No-Renovable,3526.4855,0.00722252810255715,12/09/2023
499,Residuos no renovables,No-Renovable,2975.479,0.006559473972107962,13/09/2023
500,Residuos no renovables,No-Renovable,3780.4485,0.008329172518441732,14/09/2023
501,Residuos no renovables,No-Renovable,3840.0525,0.008241164297748299,15/09/2023
502,Residuos no renovables,No-Renovable,3723.483,0.009935596653461234,16/09/2023
503,Residuos no renovables,No-Renovable,3757.355,0.01139297877488165,17/09/2023
504,Residuos no renovables,No-Renovable,3934.239,0.009999509814868163,18/09/2023
505,Residuos no renovables,No-Renovable,4036.15,0.0087060945412001,19/09/2023
506,Residuos no renovables,No-Renovable,3978.4535,0.010964097054130954,20/09/2023
507,Residuos no renovables,No-Renovable,3901.789,0.012396775890000579,21/09/2023
508,Residuos no renovables,No-Renovable,3895.6125,0.011522579209924309,22/09/2023
509,Residuos no renovables,No-Renovable,4143.66,0.011153794955275333,23/09/2023
510,Residuos no renovables,No-Renovable,4074.673,0.012046011367800497,24/09/2023
511,Residuos no renovables,No-Renovable,4179.527,0.010033989930313349,25/09/2023
512,Residuos no renovables,No-Renovable,4074.2665,0.009697856445834875,26/09/2023
513,Residuos no renovables,No-Renovable,4201.57,0.010298638126763961,27/09/2023
514,Residuos no renovables,No-Renovable,4032.016,0.009435428265216976,28/09/2023
515,Residuos no renovables,No-Renovable,3914.962,0.008759749530844853,29/09/2023
516,Residuos no renovables,No-Renovable,3905.464,0.010156277728155035,30/09/2023
517,Residuos no renovables,No-Renovable,3961.2335,0.010815470146527591,01/10/2023
518,Residuos no renovables,No-Renovable,4022.96,0.009779477184583479,02/10/2023
519,Residuos no renovables,No-Renovable,4001.3105,0.009723910950317988,03/10/2023
520,Residuos no renovables,No-Renovable,4024.94,0.009139999391777906,04/10/2023
521,Residuos no renovables,No-Renovable,4031.225,0.00857872286055646,05/10/2023
522,Residuos no renovables,No-Renovable,4070.296,0.009237522127788502,06/10/2023
523,Residuos no renovables,No-Renovable,4239.4665,0.01141638526571606,07/10/2023
524,Residuos no renovables,No-Renovable,4018.3955,0.011199664152398616,08/10/2023
525,Residuos no renovables,No-Renovable,4154.7725,0.009775741837937111,09/10/2023
526,Residuos no renovables,No-Renovable,4251.738,0.00928629061162379,10/10/2023
527,Residuos no renovables,No-Renovable,4303.413,0.010514915832426162,11/10/2023
528,Generación no renovable,No-Renovable,458389.5335,1.0,11/09/2023
529,Generación no renovable,No-Renovable,488261.9285,1.0,12/09/2023
530,Generación no renovable,No-Renovable,453615.49,1.0,13/09/2023
531,Generación no renovable,No-Renovable,453880.4415,1.0,14/09/2023
532,Generación no renovable,No-Renovable,465959.9495,1.0,15/09/2023
533,Generación no renovable,No-Renovable,374761.89199999993,1.0,16/09/2023
534,Generación no renovable,No-Renovable,329795.664,1.0,17/09/2023
535,Generación no renovable,No-Renovable,393443.186,1.0,18/09/2023
536,Generación no renovable,No-Renovable,463600.52499999997,1.0,19/09/2023
537,Generación no renovable,No-Renovable,362861.9375,1.0,20/09/2023
538,Generación no renovable,No-Renovable,314742.239,1.0,21/09/2023
539,Generación no renovable,No-Renovable,338085.1135,1.0,22/09/2023
540,Generación no renovable,No-Renovable,371502.257,1.0,23/09/2023
541,Generación no renovable,No-Renovable,338259.10300000006,1.0,24/09/2023
542,Generación no renovable,No-Renovable,416536.8940000001,1.0,25/09/2023
543,Generación no renovable,No-Renovable,420120.31450000004,1.0,26/09/2023
544,Generación no renovable,No-Renovable,407973.36000000004,1.0,27/09/2023
545,Generación no renovable,No-Renovable,427327.291,1.0,28/09/2023
546,Generación no renovable,No-Renovable,446926.249,1.0,29/09/2023
547,Generación no renovable,No-Renovable,384536.944,1.0,30/09/2023
548,Generación no renovable,No-Renovable,366256.24649999995,1.0,01/10/2023
549,Generación no renovable,No-Renovable,411367.59400000004,1.0,02/10/2023
550,Generación no renovable,No-Renovable,411491.8905,1.0,03/10/2023
551,Generación no renovable,No-Renovable,440365.454,1.0,04/10/2023
552,Generación no renovable,No-Renovable,469909.69000000006,1.0,05/10/2023
553,Generación no renovable,No-Renovable,440626.387,1.0,06/10/2023
554,Generación no renovable,No-Renovable,371349.28449999995,1.0,07/10/2023
555,Generación no renovable,No-Renovable,358796.07149999996,1.0,08/10/2023
556,Generación no renovable,No-Renovable,425008.4105,1.0,09/10/2023
557,Generación no renovable,No-Renovable,457851.05999999994,1.0,10/10/2023
558,Generación no renovable,No-Renovable,409267.47000000003,1.0,11/10/2023
559,Consumos en bombeo,Demanda en b.c.,-10473.632,0.014583636351722358,11/09/2023
560,Consumos en bombeo,Demanda en b.c.,-5819.447,0.007574868609684303,12/09/2023
561,Consumos en bombeo,Demanda en b.c.,-17146.533,0.020888900541391038,13/09/2023
562,Consumos en bombeo,Demanda en b.c.,-10599.293,0.013981124702811041,14/09/2023
563,Consumos en bombeo,Demanda en b.c.,-3964.29,0.005603243956115902,15/09/2023
564,Consumos en bombeo,Demanda en b.c.,-14034.962,0.022167682047969702,16/09/2023
565,Consumos en bombeo,Demanda en b.c.,-47500.313,0.06487363937742231,17/09/2023
566,Consumos en bombeo,Demanda en b.c.,-16754.297,0.02414068383232801,18/09/2023
567,Consumos en bombeo,Demanda en b.c.,-12968.557,0.017859154866889777,19/09/2023
568,Consumos en bombeo,Demanda en b.c.,-27228.188,0.03607765623991087,20/09/2023
569,Consumos en bombeo,Demanda en b.c.,-26921.205,0.034233555908331624,21/09/2023
570,Consumos en bombeo,Demanda en b.c.,-21188.824,0.026989091415141588,22/09/2023
571,Consumos en bombeo,Demanda en b.c.,-23405.114,0.034873979105926003,23/09/2023
572,Consumos en bombeo,Demanda en b.c.,-35223.895,0.05299930855888436,24/09/2023
573,Consumos en bombeo,Demanda en b.c.,-18062.309,0.025065980986103666,25/09/2023
574,Consumos en bombeo,Demanda en b.c.,-7580.054,0.01075120437487842,26/09/2023
575,Consumos en bombeo,Demanda en b.c.,-9751.268,0.012616095829421596,27/09/2023
576,Consumos en bombeo,Demanda en b.c.,-15726.052,0.020619001649413722,28/09/2023
577,Consumos en bombeo,Demanda en b.c.,-12311.63,0.017118087599877124,29/09/2023
578,Consumos en bombeo,Demanda en b.c.,-20507.177,0.030188161701584476,30/09/2023
579,Consumos en bombeo,Demanda en b.c.,-33353.207,0.04951514716374394,01/10/2023
580,Consumos en bombeo,Demanda en b.c.,-20807.877,0.02740069609636022,02/10/2023
581,Consumos en bombeo,Demanda en b.c.,-13978.754,0.01904344097577906,03/10/2023
582,Consumos en bombeo,Demanda en b.c.,-17093.26,0.02282773085574253,04/10/2023
583,Consumos en bombeo,Demanda en b.c.,-9064.527,0.012510998538637737,05/10/2023
584,Consumos en bombeo,Demanda en b.c.,-8239.738,0.011594575814610457,06/10/2023
585,Consumos en bombeo,Demanda en b.c.,-21524.147,0.03275730738300242,07/10/2023
586,Consumos en bombeo,Demanda en b.c.,-29344.061,0.04681956664442322,08/10/2023
587,Consumos en bombeo,Demanda en b.c.,-17949.148,0.02588815944355498,09/10/2023
588,Consumos en bombeo,Demanda en b.c.,-15339.835,0.021638204408235735,10/10/2023
589,Consumos en bombeo,Demanda en b.c.,-7628.414,0.011091948036811025,11/10/2023
590,Saldo I. internacionales,Demanda en b.c.,-15563.131,0.021670328210712114,11/09/2023
591,Saldo I. internacionales,Demanda en b.c.,-28169.598,0.03666688667112626,12/09/2023
592,Saldo I. internacionales,Demanda en b.c.,-43040.727,0.052434708843599104,13/09/2023
593,Saldo I. internacionales,Demanda en b.c.,-14523.889,0.01915791018125318,14/09/2023
594,Saldo I. internacionales,Demanda en b.c.,250.981,0.0003547439191759243,15/09/2023
595,Saldo I. internacionales,Demanda en b.c.,10204.369,0.01611740790549761,16/09/2023
596,Saldo I. internacionales,Demanda en b.c.,-34432.464,0.04702620069918436,17/09/2023
597,Saldo I. internacionales,Demanda en b.c.,12604.376,0.01816120699780977,18/09/2023
598,Saldo I. internacionales,Demanda en b.c.,-11311.735,0.015577525485543028,19/09/2023
599,Saldo I. internacionales,Demanda en b.c.,-12982.596,0.017202086146519992,20/09/2023
600,Saldo I. internacionales,Demanda en b.c.,-28474.277,0.03620847408683308,21/09/2023
601,Saldo I. internacionales,Demanda en b.c.,-45836.843,0.058384304193026135,22/09/2023
602,Saldo I. internacionales,Demanda en b.c.,-26616.742,0.03965935412131823,23/09/2023
603,Saldo I. internacionales,Demanda en b.c.,-29493.235,0.044376723873515066,24/09/2023
604,Saldo I. internacionales,Demanda en b.c.,-22764.828,0.03159190476698856,25/09/2023
605,Saldo I. internacionales,Demanda en b.c.,-11030.622,0.01564533333193011,26/09/2023
606,Saldo I. internacionales,Demanda en b.c.,-37384.413,0.04836759044410168,27/09/2023
607,Saldo I. internacionales,Demanda en b.c.,-24685.946,0.032366646205375514,28/09/2023
608,Saldo I. internacionales,Demanda en b.c.,-9032.859,0.012559285134408562,29/09/2023
609,Saldo I. internacionales,Demanda en b.c.,-18161.954,0.02673581079291114,30/09/2023
610,Saldo I. internacionales,Demanda en b.c.,-21182.165,0.03144639186335833,01/10/2023
611,Saldo I. internacionales,Demanda en b.c.,-23035.579,0.030334228695349245,02/10/2023
612,Saldo I. internacionales,Demanda en b.c.,-8755.414,0.011927615989773455,03/10/2023
613,Saldo I. internacionales,Demanda en b.c.,-11161.589,0.014906094543370687,04/10/2023
614,Saldo I. internacionales,Demanda en b.c.,-6916.082,0.009545681952858518,05/10/2023
615,Saldo I. internacionales,Demanda en b.c.,9378.682,0.01319724480197337,06/10/2023
616,Saldo I. internacionales,Demanda en b.c.,22528.282,0.03428548682021919,07/10/2023
617,Saldo I. internacionales,Demanda en b.c.,6784.183,0.01082442229439419,08/10/2023
618,Saldo I. internacionales,Demanda en b.c.,12074.745,0.017415474194110398,09/10/2023
619,Saldo I. internacionales,Demanda en b.c.,4768.913,0.006726976809013441,10/10/2023
620,Saldo I. internacionales,Demanda en b.c.,23974.685,0.03485992766240961,11/10/2023
621,Demanda en b.c.,Demanda en b.c.,666103.46,1.0,11/09/2023
622,Demanda en b.c.,Demanda en b.c.,700279.064,1.0,12/09/2023
623,Demanda en b.c.,Demanda en b.c.,700469.687,1.0,13/09/2023
624,Demanda en b.c.,Demanda en b.c.,707868.11,1.0,14/09/2023
625,Demanda en b.c.,Demanda en b.c.,699570.51,1.0,15/09/2023
626,Demanda en b.c.,Demanda en b.c.,605057.255,1.0,16/09/2023
627,Demanda en b.c.,Demanda en b.c.,568331.891,1.0,17/09/2023
628,Demanda en b.c.,Demanda en b.c.,660518.846,1.0,18/09/2023
629,Demanda en b.c.,Demanda en b.c.,677596.79,1.0,19/09/2023
630,Demanda en b.c.,Demanda en b.c.,674288.988,1.0,20/09/2023
631,Demanda en b.c.,Demanda en b.c.,675607.185,1.0,21/09/2023
632,Demanda en b.c.,Demanda en b.c.,651037.118,1.0,22/09/2023
633,Demanda en b.c.,Demanda en b.c.,571090.314,1.0,23/09/2023
634,Demanda en b.c.,Demanda en b.c.,535176.203,1.0,24/09/2023
635,Demanda en b.c.,Demanda en b.c.,638936.275,1.0,25/09/2023
636,Demanda en b.c.,Demanda en b.c.,667820.961,1.0,26/09/2023
637,Demanda en b.c.,Demanda en b.c.,678651.429,1.0,27/09/2023
638,Demanda en b.c.,Demanda en b.c.,681873.0669999999,1.0,28/09/2023
639,Demanda en b.c.,Demanda en b.c.,676528.629,1.0,29/09/2023
640,Demanda en b.c.,Demanda en b.c.,601973.622,1.0,30/09/2023
641,Demanda en b.c.,Demanda en b.c.,564525.295,1.0,01/10/2023
642,Demanda en b.c.,Demanda en b.c.,671705.365,1.0,02/10/2023
643,Demanda en b.c.,Demanda en b.c.,688577.261,1.0,03/10/2023
644,Demanda en b.c.,Demanda en b.c.,692283.956,1.0,04/10/2023
645,Demanda en b.c.,Demanda en b.c.,692563.445,1.0,05/10/2023
646,Demanda en b.c.,Demanda en b.c.,694175.069,1.0,06/10/2023
647,Demanda en b.c.,Demanda en b.c.,614030.957,1.0,07/10/2023
648,Demanda en b.c.,Demanda en b.c.,568059.691,1.0,08/10/2023
649,Demanda en b.c.,Demanda en b.c.,657435.9689999999,1.0,09/10/2023
650,Demanda en b.c.,Demanda en b.c.,678243.987,1.0,10/10/2023
651,Demanda en b.c.,Demanda en b.c.,672486.5669999999,1.0,11/10/2023
